,Aruba,Afghanistan,Angola,Albania,Andorra,United Arab Emirates,Argentina,Armenia,American Samoa,Antigua and Barbuda,Australia,Austria,Azerbaijan,Burundi,Belgium,Benin,Burkina Faso,Bangladesh,Bulgaria,Bahrain,Bosnia and Herzegovina,Belarus,Belize,Bermuda,Brazil,Barbados,Brunei Darussalam,Bhutan,Botswana,Central African Republic,Canada,Switzerland,Chile,China,Cameroon,Colombia,Comoros,Cabo Verde,Costa Rica,Cuba,Cayman Islands,Cyprus,Germany,Djibouti,Dominica,Denmark,Dominican Republic,Algeria,Ecuador,Eritrea,Spain,Estonia,Ethiopia,Finland,Fiji,France,Faroe Islands,Gabon,Georgia,Ghana,Gibraltar,Guinea,Guinea-Bissau,Equatorial Guinea,Greece,Grenada,Greenland,Guatemala,Guam,Guyana,Honduras,Croatia,Haiti,Hungary,Indonesia,Isle of Man,India,Ireland,Iraq,Iceland,Israel,Italy,Jamaica,Jordan,Japan,Kazakhstan,Kenya,Cambodia,Kiribati,Kuwait,Lebanon,Liberia,Libya,Liechtenstein,Sri Lanka,Lesotho,Lithuania,Luxembourg,Latvia,Morocco,Monaco,Madagascar,Maldives,Mexico,Marshall Islands,North Macedonia,Mali,Malta,Myanmar,Montenegro,Mongolia,Northern Mariana Islands,Mozambique,Mauritania,Mauritius,Malawi,Malaysia,Namibia,New Caledonia,Niger,Nigeria,Nicaragua,Netherlands,Norway,Nepal,Nauru,New Zealand,Oman,Pakistan,Panama,Peru,Philippines,Palau,Papua New Guinea,Poland,Puerto Rico,Portugal,Paraguay,French Polynesia,Qatar,Romania,Russian Federation,Rwanda,Saudi Arabia,Sudan,Senegal,Singapore,Solomon Islands,Sierra Leone,El Salvador,San Marino,Somalia,Serbia,South Sudan,Sao Tome and Principe,Suriname,Slovenia,Sweden,Eswatini,Sint Maarten (Dutch part),Seychelles,Syrian Arab Republic,Turks and Caicos Islands,Chad,Togo,Thailand,Tajikistan,Turkmenistan,Timor-Leste,Tonga,Trinidad and Tobago,Tunisia,Tuvalu,Uganda,Ukraine,Uruguay,Uzbekistan,Virgin Islands (U.S.),Vanuatu,Samoa,South Africa,Zambia,Zimbabwe
1990-01-01,62152.0,12412311.0,11848385.0,3286542.0,54508.0,1828437.0,32618648.0,3538164.0,47351.0,62533.0,17065100.0,7677850.0,7175200.0,5438959.0,9967379.0,4978489.0,8811033.0,103171957.0,8718289.0,495927.0,4463422.0,10189348.0,187554.0,59326.0,149003225.0,260933.0,258714.0,530801.0,1286756.0,2806740.0,27691138.0,6715519.0,13274617.0,1135185000.0,11780086.0,33102569.0,411598.0,337953.0,3119436.0,10596986.0,25307.0,766616.0,79433029.0,590393.0,70422.0,5140939.0,7133491.0,25758872.0,10230931.0,2258649.0,38867322.0,1569174.0,47887864.0,4986431.0,728575.0,58235716.0,47276.0,949493.0,4802000.0,14773274.0,29149.0,6352282.0,975265.0,419188.0,10196792.0,96328.0,55600.0,9050115.0,130480.0,743306.0,4955302.0,4777368.0,7037915.0,10373988.0,181413398.0,70292.0,873277799.0,3513974.0,17419113.0,254826.0,4660000.0,56719240.0,2419901.0,3565888.0,123478000.0,16348000.0,23724574.0,8975597.0,72394.0,2095350.0,2803032.0,2075917.0,4436663.0,28790.0,17325769.0,1703757.0,3697838.0,381850.0,2663151.0,24807461.0,29433.0,11598647.0,223159.0,83943135.0,47265.0,1996218.0,8449915.0,354170.0,41335188.0,606372.0,2184139.0,45752.0,12987292.0,2034347.0,1058775.0,9404499.0,18029824.0,1432899.0,170899.0,8026592.0,95212454.0,4173435.0,14951510.0,4241473.0,18905480.0,9506.0,3329800.0,1812158.0,107647918.0,2470946.0,22071433.0,61895169.0,15063.0,4615843.0,38110782.0,3537000.0,9983218.0,4223413.0,199906.0,476275.0,23201835.0,147969407.0,7288883.0,16233786.0,20147592.0,7526306.0,3047132.0,311869.0,4319763.0,5270074.0,24124.0,7225089.0,7586000.0,5492620.0,119211.0,405169.0,1998161.0,8558835.0,822423.0,28814.0,69507.0,12446168.0,12115.0,5963250.0,3774310.0,56558196.0,5283811.0,3683978.0,737814.0,95069.0,1221121.0,8242509.0,8910.0,17354395.0,51891400.0,3109598.0,20510000.0,103963.0,146575.0,162797.0,36800507.0,8036849.0,10432409.0
1991-01-01,64623.0,13299016.0,12248901.0,3266790.0,56666.0,1937159.0,33079002.0,3505249.0,48682.0,63363.0,17284000.0,7754891.0,7271300.0,5564923.0,10004486.0,5149496.0,9050086.0,105599125.0,8632367.0,509762.0,4369320.0,10194050.0,191136.0,59021.0,151648007.0,261912.0,266208.0,534637.0,1326321.0,2878507.0,28037420.0,6799978.0,13495255.0,1150780000.0,12137912.0,33758328.0,423873.0,346229.0,3202083.0,10673534.0,26540.0,783121.0,80013896.0,606843.0,70377.0,5154298.0,7270413.0,26400468.0,10472476.0,2266356.0,38966376.0,1561314.0,49609976.0,5013740.0,735398.0,58559309.0,47123.0,975785.0,4835900.0,15207360.0,29021.0,6534936.0,997522.0,432844.0,10319927.0,96462.0,55500.0,9296814.0,133553.0,744477.0,5098594.0,4689022.0,7178611.0,10373400.0,184591897.0,70928.0,891273202.0,3534235.0,17889457.0,257797.0,4949000.0,56758521.0,2439329.0,3760493.0,123964000.0,16451711.0,24521714.0,9289298.0,73692.0,2031297.0,2921700.0,2040141.0,4544245.0,29166.0,17535732.0,1742534.0,3704134.0,387000.0,2650581.0,25260407.0,29629.0,11942809.0,229743.0,85512621.0,48403.0,1993304.0,8635528.0,363845.0,41890192.0,607105.0,2217918.0,46662.0,13328029.0,2087914.0,1070266.0,9600361.0,18519941.0,1476399.0,175362.0,8288739.0,97667632.0,4267570.0,15069798.0,4261732.0,19405506.0,9766.0,3495100.0,1893761.0,110778655.0,2523115.0,22522383.0,63454785.0,15442.0,4725543.0,38246193.0,3562110.0,9960235.0,4334348.0,203716.0,487354.0,23001155.0,148394216.0,7083928.0,16772695.0,20891442.0,7755503.0,3135083.0,320781.0,4348663.0,5342190.0,24454.0,7274026.0,7595636.0,5420179.0,121949.0,413009.0,1999429.0,8617375.0,845267.0,29852.0,70439.0,12815400.0,12815.0,6157085.0,3862998.0,57232471.0,5400636.0,3789188.0,759526.0,95243.0,1229108.0,8427851.0,9014.0,17953534.0,52000500.0,3131657.0,20952000.0,104807.0,150718.0,164000.0,37718952.0,8246662.0,10681008.0
1992-01-01,68240.0,14485543.0,12657361.0,3247039.0,58882.0,2052892.0,33529320.0,3442820.0,49900.0,64459.0,17495000.0,7840709.0,7382050.0,5685569.0,10045158.0,5331805.0,9297110.0,107983708.0,8540164.0,523082.0,4233673.0,10216470.0,194324.0,58595.0,154259382.0,262890.0,273888.0,534525.0,1363541.0,2959236.0,28371264.0,6875364.0,13719818.0,1164970000.0,12499499.0,34422568.0,436454.0,355763.0,3286525.0,10736386.0,27784.0,800610.0,80624598.0,615050.0,70546.0,5171370.0,7408339.0,27028330.0,10716131.0,2257593.0,39157685.0,1533091.0,51423591.0,5041992.0,744470.0,58851216.0,46746.0,1002573.0,4873500.0,15653345.0,28844.0,6716032.0,1020353.0,447269.0,10399061.0,97161.0,55300.0,9544055.0,136693.0,748596.0,5244677.0,4575818.0,7319491.0,10369341.0,187739786.0,71262.0,909307018.0,3558430.0,18402740.0,261057.0,5123000.0,56797087.0,2461047.0,3977667.0,124425000.0,16439095.0,25326080.0,9623899.0,74767.0,,3076133.0,2001612.0,4650896.0,29552.0,17736827.0,1782284.0,3700114.0,392175.0,2614338.0,25711410.0,29859.0,12301338.0,236271.0,87075136.0,49242.0,1988659.0,8850334.0,367618.0,42401686.0,608516.0,2243495.0,46473.0,13805999.0,2142645.0,1084441.0,9685974.0,19002660.0,1516951.0,179799.0,8566773.0,100161708.0,4364514.0,15184166.0,4286401.0,19938322.0,10030.0,3531700.0,1983272.0,113911126.0,2575949.0,22966822.0,65020124.0,15859.0,4836216.0,38363667.0,3585176.0,9952494.0,4445019.0,207238.0,495403.0,22794284.0,148538197.0,6702239.0,17282686.0,21696240.0,7990090.0,3230698.0,330004.0,4347727.0,5416327.0,24830.0,7295380.0,7646424.0,5305449.0,124574.0,420658.0,1996498.0,8668067.0,866995.0,30458.0,70763.0,13187669.0,13639.0,6356741.0,3945902.0,57811025.0,5502490.0,3899843.0,783204.0,95398.0,1236685.0,8613855.0,9110.0,18561668.0,52150400.0,3154459.0,21449000.0,105712.0,155176.0,165490.0,38672611.0,8451346.0,10900511.0
1993-01-01,72495.0,15816601.0,13075044.0,3227287.0,60974.0,2173135.0,33970103.0,3363111.0,51025.0,65777.0,17667000.0,7905633.0,7494800.0,5798054.0,10084475.0,5521761.0,9552473.0,110350641.0,8472313.0,536212.0,4078940.0,10239050.0,197625.0,58910.0,156849086.0,263869.0,281684.0,532590.0,1399110.0,3046148.0,28684764.0,6938265.0,13944934.0,1178440000.0,12864091.0,35091272.0,449270.0,366057.0,3372298.0,10789312.0,29068.0,818750.0,81156363.0,618504.0,70818.0,5188628.0,7546467.0,27635517.0,10961460.0,2238631.0,39361262.0,1494128.0,53295556.0,5066447.0,754962.0,59106758.0,46277.0,1029769.0,4911100.0,16106756.0,28680.0,6897171.0,1043421.0,462637.0,10460415.0,98234.0,55200.0,9790619.0,139813.0,754141.0,5394416.0,4600463.0,7460684.0,10357523.0,190851184.0,71431.0,927403866.0,3576261.0,18955087.0,263725.0,5261000.0,56831821.0,2484583.0,4201559.0,124829000.0,16380672.0,26136217.0,9970727.0,75711.0,,3246129.0,1976701.0,4755134.0,29987.0,17924827.0,1822237.0,3682613.0,397475.0,2563290.0,26155204.0,30145.0,12675469.0,242596.0,88625440.0,49828.0,1984024.0,9087173.0,371308.0,42889992.0,610170.0,2263196.0,45763.0,14370950.0,2198538.0,1097374.0,9710335.0,19484901.0,1555098.0,184496.0,8860297.0,102700751.0,4462496.0,15290368.0,4311991.0,20489973.0,10287.0,3572200.0,2072106.0,117086680.0,2629584.0,23408135.0,66593904.0,16285.0,4949053.0,38461408.0,3615497.0,9964675.0,4555518.0,210644.0,501479.0,22763280.0,148458777.0,6263758.0,17763297.0,22527837.0,8226749.0,3313471.0,339501.0,4328965.0,5490478.0,25208.0,7315864.0,7699307.0,5185712.0,127066.0,428028.0,1991746.0,8718561.0,887706.0,30765.0,72253.0,13565074.0,14526.0,6563925.0,4029044.0,58337773.0,5593317.0,4010789.0,806867.0,95556.0,1243605.0,8795934.0,9194.0,19175986.0,52179200.0,3177734.0,21942000.0,106578.0,159743.0,167117.0,39633754.0,8656484.0,11092775.0
1994-01-01,76705.0,17075728.0,13503753.0,3207536.0,62676.0,2294377.0,34402669.0,3283664.0,52099.0,67201.0,17855000.0,7936118.0,7596550.0,5898964.0,10115603.0,5714215.0,9816584.0,112737684.0,8443591.0,549590.0,3936527.0,10226955.0,201679.0,59320.0,159432717.0,264893.0,289452.0,531905.0,1434061.0,3135017.0,29000663.0,6993795.0,14166346.0,1191835000.0,13230978.0,35758978.0,462280.0,376409.0,3458829.0,10838461.0,30521.0,837104.0,81438348.0,622364.0,71044.0,5206180.0,7683707.0,28213777.0,11207999.0,2218436.0,39549108.0,1462514.0,55180993.0,5088333.0,765607.0,59327200.0,45848.0,1057252.0,4836076.0,16561677.0,28605.0,7081119.0,1066345.0,479099.0,10512922.0,99345.0,55500.0,10037522.0,142806.0,758896.0,5548969.0,4652024.0,7602318.0,10343355.0,193917458.0,71662.0,945601828.0,3590386.0,19539348.0,266021.0,5399000.0,56843400.0,2509042.0,4410357.0,125178000.0,16145766.0,26950508.0,10317901.0,76668.0,,3403359.0,1986491.0,4854871.0,30415.0,18094474.0,1861323.0,3657144.0,402925.0,2520742.0,26584473.0,30436.0,13066544.0,248582.0,90156396.0,50214.0,1981713.0,9334893.0,374797.0,43383421.0,611389.0,2280475.0,45361.0,14948050.0,2255520.0,1112846.0,9745695.0,19977508.0,1591826.0,189482.0,9168316.0,105293701.0,4559010.0,15382838.0,4336613.0,21040899.0,10496.0,3620000.0,2148416.0,120362764.0,2684117.0,23851405.0,68180846.0,16735.0,5065664.0,38542652.0,3649237.0,9991525.0,4666096.0,214196.0,507044.0,22730211.0,148407912.0,5936253.0,18214475.0,23338465.0,8461066.0,3419048.0,349273.0,4309780.0,5561916.0,25588.0,7372592.0,7734639.0,5111371.0,129426.0,435099.0,1989443.0,8780745.0,907622.0,30950.0,74205.0,13950486.0,15399.0,6781057.0,4120615.0,58875275.0,5679169.0,4115105.0,827828.0,95739.0,1249527.0,8967916.0,9259.0,19793541.0,51921400.0,3201149.0,22377000.0,107318.0,164128.0,168689.0,40564061.0,8869745.0,11261752.0
1995-01-01,80324.0,18110662.0,13945205.0,3187784.0,63860.0,2415099.0,34828168.0,3217349.0,53158.0,68672.0,18072000.0,7948278.0,7684850.0,5987044.0,10136811.0,5905552.0,10089880.0,115169933.0,8406067.0,563698.0,3829049.0,10193831.0,206962.0,59746.0,162019889.0,265955.0,297112.0,534629.0,1469173.0,3222662.0,29302311.0,7040687.0,14380864.0,1204855000.0,13599984.0,36421438.0,475394.0,386288.0,3545524.0,10888246.0,32161.0,855391.0,81678051.0,630385.0,71105.0,5233373.0,7819239.0,28757788.0,11455205.0,2204227.0,39724050.0,1436634.0,57047906.0,5107790.0,775428.0,59541904.0,45625.0,1084951.0,4657722.0,17014058.0,28688.0,7269631.0,1088850.0,496768.0,10562153.0,100286.0,55800.0,10286786.0,145559.0,761298.0,5709010.0,4620030.0,7744509.0,10328965.0,196934257.0,72133.0,963922586.0,3608841.0,20149342.0,267468.0,5545000.0,56844303.0,2533705.0,4588842.0,125472000.0,15816243.0,27768297.0,10656145.0,77716.0,1605907.0,3528379.0,2044657.0,4948796.0,30884.0,18242917.0,1898598.0,3629102.0,408625.0,2485056.0,26994255.0,30731.0,13475403.0,254144.0,91663290.0,50454.0,1983259.0,9585660.0,377419.0,43901598.0,611712.0,2298017.0,45872.0,15483277.0,2313630.0,1122457.0,9844418.0,20487604.0,1627866.0,193816.0,9490289.0,107948339.0,4652185.0,15459006.0,4359184.0,21576074.0,10626.0,3673400.0,2204267.0,123776835.0,2739667.0,24299168.0,69784087.0,17158.0,5187063.0,38594998.0,3683103.0,10026176.0,4776838.0,218064.0,513447.0,22684270.0,148375787.0,5836490.0,18638790.0,24094741.0,8690155.0,3524506.0,359276.0,4303953.0,5628602.0,25925.0,7491647.0,7625357.0,5118084.0,131679.0,441851.0,1989872.0,8826939.0,926836.0,31164.0,75304.0,14345491.0,16221.0,7010159.0,4226293.0,59467272.0,5764806.0,4207841.0,844333.0,95972.0,1254200.0,9125400.0,9298.0,20413157.0,51512800.0,3224275.0,22785000.0,107818.0,168161.0,170050.0,41435761.0,9096608.0,11410721.0
1996-01-01,83211.0,18853444.0,14400722.0,3168033.0,64363.0,2539121.0,35246376.0,3168213.0,54209.0,70176.0,18311000.0,7959017.0,7763000.0,6060110.0,10156637.0,6094272.0,10372734.0,117649927.0,8362826.0,578661.0,3764419.0,10159569.0,213660.0,60129.0,164614682.0,267047.0,304620.0,541471.0,1504724.0,3308235.0,29610218.0,7071850.0,14587367.0,1217550000.0,13970812.0,37076387.0,488625.0,395533.0,3632361.0,10939285.0,34065.0,873426.0,81914831.0,643649.0,70933.0,5263074.0,7952766.0,29266415.0,11703169.0,2196467.0,39889852.0,1415594.0,58883531.0,5124573.0,784389.0,59753095.0,45624.0,1112944.0,4491699.0,17462504.0,28970.0,7463782.0,1110835.0,515844.0,10608800.0,101003.0,55900.0,10536942.0,148061.0,760801.0,5874814.0,4557097.0,7887312.0,10311238.0,199901231.0,72884.0,982365248.0,3637510.0,20783073.0,268916.0,5692000.0,56860281.0,2558631.0,4732848.0,125757000.0,15578227.0,28589456.0,10982919.0,78904.0,1626858.0,3610663.0,2160480.0,5036173.0,31354.0,18367290.0,1934294.0,3601613.0,414225.0,2457222.0,27383472.0,31001.0,13902697.0,259178.0,93147045.0,50523.0,1989441.0,9837575.0,379905.0,44452203.0,611003.0,2316571.0,47518.0,15960445.0,2372900.0,1133996.0,10022783.0,21017619.0,1663378.0,197564.0,9826600.0,110668784.0,4741571.0,15530498.0,4381336.0,22090352.0,10677.0,3732000.0,2236652.0,127349293.0,2796291.0,24753825.0,71401743.0,17599.0,5314258.0,38624370.0,3724655.0,10063945.0,4887638.0,222323.0,522531.0,22619004.0,148160129.0,6013112.0,19033843.0,24782384.0,8912872.0,3670704.0,369517.0,4312660.0,5689943.0,26253.0,7682683.0,7617794.0,5221925.0,133799.0,448207.0,1988628.0,8840998.0,945506.0,31434.0,76417.0,14754148.0,16930.0,7250974.0,4348808.0,60130190.0,5851354.0,4287337.0,855358.0,96267.0,1257547.0,9267335.0,9317.0,21032817.0,51057800.0,3247383.0,23225000.0,108095.0,171721.0,171165.0,42241007.0,9339740.0,11541215.0
1997-01-01,85450.0,19357126.0,14871572.0,3148281.0,64318.0,2671361.0,35657438.0,3133081.0,55227.0,71707.0,18517000.0,7968041.0,7838250.0,6122130.0,10181245.0,6281644.0,10665552.0,120160571.0,8312068.0,594927.0,3736070.0,10117433.0,221575.0,60497.0,167209046.0,268183.0,311962.0,551713.0,1540424.0,3392432.0,29905948.0,7088906.0,14786227.0,1230075000.0,14344444.0,37723803.0,501955.0,404248.0,3718952.0,10989730.0,36155.0,891190.0,82034771.0,660858.0,70592.0,5284991.0,8084407.0,29742980.0,11951457.0,2195192.0,40057389.0,1399535.0,60697443.0,5139835.0,792736.0,59964841.0,45789.0,1141332.0,4349913.0,17908977.0,29404.0,7662071.0,1132505.0,536459.0,10661259.0,101567.0,56000.0,10788362.0,150303.0,757975.0,6045704.0,4534920.0,8030721.0,10290486.0,202826444.0,73851.0,1000900028.0,3674171.0,21439579.0,271128.0,5836000.0,56890372.0,2583914.0,4848536.0,126057000.0,15334405.0,29415660.0,11298594.0,80188.0,1710257.0,3658425.0,2326210.0,5118008.0,31830.0,18470897.0,1968054.0,3575137.0,419450.0,2432851.0,27754573.0,31268.0,14347860.0,263836.0,94611008.0,50453.0,1996869.0,10094363.0,382791.0,45027223.0,609520.0,2335744.0,50052.0,16397175.0,2433567.0,1148284.0,10264906.0,21562790.0,1698029.0,201418.0,10178196.0,113457661.0,4827658.0,15610650.0,4405157.0,22584772.0,10643.0,3781300.0,2249759.0,131057432.0,2853907.0,25210957.0,73030879.0,18016.0,5446633.0,38649660.0,3759430.0,10108977.0,4998096.0,226854.0,535320.0,22553978.0,147915361.0,6419898.0,19407138.0,25413912.0,9130876.0,3796038.0,379998.0,4335295.0,5746288.0,26563.0,7936122.0,7596501.0,5411653.0,135831.0,454165.0,1985956.0,8846062.0,963416.0,31731.0,77319.0,15175308.0,17566.0,7503494.0,4485945.0,60846588.0,5938404.0,4355125.0,861870.0,96621.0,1259838.0,9395119.0,9328.0,21655392.0,50594600.0,3270158.0,23667000.0,108357.0,174917.0,172065.0,42987456.0,9597610.0,11653254.0
1998-01-01,87280.0,19737770.0,15359600.0,3128530.0,64140.0,2813214.0,36063451.0,3108691.0,56180.0,73219.0,18711000.0,7976789.0,7913000.0,6185564.0,10203008.0,6470275.0,10968722.0,122682818.0,8256786.0,613697.0,3734338.0,10071963.0,230248.0,60943.0,169785253.0,269334.0,319135.0,564378.0,1575827.0,3475485.0,30155173.0,7110001.0,14977736.0,1241935000.0,14723772.0,38364307.0,515382.0,412513.0,3803893.0,11038706.0,38330.0,908710.0,82047195.0,680465.0,70183.0,5304219.0,8214427.0,30192750.0,12198449.0,2206439.0,40223509.0,1386156.0,62507724.0,5153498.0,800148.0,60186284.0,46094.0,1170061.0,4243607.0,18357159.0,29945.0,7860772.0,1154372.0,558496.0,10720509.0,102023.0,56100.0,11046215.0,152274.0,753778.0,6220405.0,4532135.0,8174680.0,10266570.0,205724597.0,74936.0,1019483586.0,3712696.0,22114330.0,274047.0,5971000.0,56906744.0,2608874.0,4943975.0,126400000.0,15071640.0,30250488.0,11600510.0,81558.0,1831121.0,3693514.0,2517472.0,5196774.0,32306.0,18564595.0,1997524.0,3549331.0,424700.0,2410019.0,28110447.0,31554.0,14808791.0,268445.0,96056313.0,50356.0,2007523.0,10360564.0,385287.0,45611220.0,607662.0,2355667.0,52999.0,16813946.0,2496217.0,1160421.0,10552345.0,22114647.0,1731635.0,205279.0,10545720.0,116319763.0,4910642.0,15707209.0,4431464.0,23057875.0,10567.0,3815000.0,2251859.0,134843233.0,2912318.0,25658070.0,74672009.0,18409.0,5581767.0,38663481.0,3781101.0,10160196.0,5107840.0,231562.0,551566.0,22507344.0,147670784.0,6962800.0,19783301.0,26015518.0,9347777.0,3927213.0,390702.0,4381484.0,5797764.0,26851.0,8235064.0,7567745.0,5661934.0,137855.0,459838.0,1981629.0,8850974.0,979922.0,31240.0,78846.0,15599588.0,18228.0,7770053.0,4632451.0,61585103.0,6027395.0,4413477.0,866523.0,97036.0,1261699.0,9509862.0,9332.0,22290787.0,50144500.0,3291053.0,24051000.0,108537.0,177987.0,172839.0,43682259.0,9866474.0,11747079.0
1999-01-01,89009.0,20170847.0,15866871.0,3108778.0,64368.0,2966029.0,36467218.0,3089020.0,57049.0,74674.0,18926000.0,7992324.0,7982750.0,6267132.0,10226419.0,6664102.0,11282696.0,125189655.0,8210624.0,636540.0,3743353.0,10026738.0,238979.0,61285.0,172318674.0,270455.0,326214.0,577886.0,1610260.0,3558019.0,30401286.0,7143991.0,15162801.0,1252735000.0,15112598.0,38999468.0,528853.0,420456.0,3885428.0,11084673.0,40423.0,926049.0,82100243.0,699973.0,69828.0,5321799.0,8343288.0,30623406.0,12442109.0,2237412.0,40386875.0,1390244.0,64343008.0,5165474.0,806302.0,60496708.0,46428.0,1199058.0,4157192.0,18812369.0,30526.0,8054745.0,1177133.0,581765.0,10761698.0,102429.0,56100.0,11311078.0,153955.0,749676.0,6397140.0,4512597.0,8319070.0,10237530.0,208615171.0,75996.0,1038058154.0,3754786.0,22802061.0,277381.0,6125000.0,56916317.0,2632677.0,5031754.0,126631000.0,14928374.0,31098763.0,11886464.0,82969.0,1951642.0,3747762.0,2699708.0,5275921.0,32765.0,18663293.0,2019732.0,3524238.0,430475.0,2390482.0,28455504.0,31836.0,15282524.0,273522.0,97484823.0,50418.0,2017142.0,10642937.0,387578.0,46181075.0,606001.0,2376228.0,55633.0,17244176.0,2561584.0,1175267.0,10854325.0,22661293.0,1763861.0,209214.0,10929922.0,119260055.0,4991041.0,15812088.0,4461913.0,23509971.0,10449.0,3835100.0,2254898.0,138624625.0,2971197.0,26078295.0,76325927.0,18773.0,5716166.0,38660271.0,3800081.0,10217828.0,5216346.0,236217.0,570486.0,22472040.0,147214776.0,7501238.0,20194531.0,26626512.0,9568717.0,3958723.0,401592.0,4462374.0,5844834.0,27141.0,8553595.0,7540401.0,5933884.0,139964.0,465380.0,1983045.0,8857874.0,994105.0,31084.0,80410.0,16013992.0,19069.0,8053532.0,4780455.0,62298569.0,6119664.0,4466133.0,873138.0,97475.0,1263927.0,9613587.0,9344.0,22952406.0,49674000.0,3308005.0,24311650.0,108599.0,181259.0,173606.0,44338551.0,10140564.0,11822722.0
2000-01-01,90866.0,20779957.0,16395477.0,3089027.0,65390.0,3134067.0,36870796.0,3069597.0,57816.0,76007.0,19153000.0,8011566.0,8048600.0,6378871.0,10251250.0,6865946.0,11607951.0,127657862.0,8170172.0,664610.0,3751176.0,9979610.0,247310.0,61833.0,174790339.0,271511.0,333166.0,591014.0,1643333.0,3640421.0,30685730.0,7184250.0,15342350.0,1262645000.0,15513944.0,39629965.0,542358.0,428178.0,3962369.0,11126423.0,42305.0,943288.0,82211508.0,717577.0,69650.0,5339616.0,8471317.0,31042238.0,12681123.0,2292413.0,40567864.0,1396985.0,66224809.0,5176209.0,811011.0,60912500.0,46738.0,1228359.0,4077131.0,19278850.0,31081.0,8240735.0,1201305.0,606180.0,10805808.0,102837.0,56200.0,11589761.0,155323.0,746718.0,6574510.0,4468302.0,8463802.0,10210971.0,211513822.0,76942.0,1056575548.0,3805174.0,23497589.0,281205.0,6289000.0,56942108.0,2654698.0,5122495.0,126843000.0,14883626.0,31964557.0,12155241.0,84405.0,2045123.0,3842774.0,2848447.0,5357893.0,33184.0,18777606.0,2032805.0,3499536.0,436300.0,2367550.0,28793672.0,32148.0,15766806.0,279396.0,98899845.0,50754.0,2026350.0,10946448.0,390087.0,46719698.0,604950.0,2397417.0,57453.0,17711925.0,2630217.0,1186873.0,11148751.0,23194252.0,1794583.0,213230.0,11331561.0,122283853.0,5069310.0,15925513.0,4490967.0,23941099.0,10335.0,3857700.0,2267973.0,142343583.0,3030333.0,26459944.0,77991757.0,19104.0,5847590.0,38258629.0,3810605.0,10289898.0,5323202.0,240681.0,592467.0,22442971.0,146596869.0,7933688.0,20663840.0,27275019.0,9797731.0,4027887.0,412665.0,4584570.0,5887930.0,27460.0,8872250.0,7516346.0,6199396.0,142264.0,470944.0,1988925.0,8872109.0,1005432.0,30519.0,81131.0,16410847.0,20171.0,8355654.0,4924406.0,62952639.0,6216329.0,4516128.0,884366.0,97962.0,1267159.0,9708347.0,9392.0,23650159.0,49176500.0,3319734.0,24650400.0,108642.0,184964.0,174454.0,44967713.0,10415942.0,11881482.0
2001-01-01,92892.0,21606992.0,16945753.0,3060173.0,67344.0,3302722.0,37275644.0,3050686.0,58496.0,77212.0,19413000.0,8042293.0,8111200.0,6525546.0,10286570.0,7076728.0,11944589.0,130088709.0,8009142.0,697550.0,3755514.0,9928549.0,255068.0,62504.0,177196051.0,272494.0,340037.0,603643.0,1674674.0,3722016.0,31020902.0,7229854.0,15516112.0,1271850000.0,15928910.0,40255956.0,555895.0,435701.0,4034074.0,11164676.0,43934.0,960274.0,82349925.0,733019.0,69671.0,5358783.0,8598599.0,31451513.0,12914660.0,2374721.0,40850412.0,1388115.0,68159422.0,5188008.0,813923.0,61357432.0,46999.0,1258008.0,4014373.0,19756929.0,31604.0,8417082.0,1227105.0,631662.0,10862132.0,103242.0,56350.0,11871565.0,156395.0,745206.0,6751912.0,4299642.0,8608810.0,10187576.0,214427419.0,77707.0,1075000094.0,3866243.0,24208178.0,284968.0,6439000.0,56974100.0,2674706.0,5217328.0,127149000.0,14858335.0,32848569.0,12405411.0,85844.0,2103273.0,3990999.0,2953928.0,5443249.0,33543.0,18911727.0,2035738.0,3470818.0,441525.0,2337170.0,29126323.0,32474.0,16260933.0,286309.0,100298152.0,51411.0,2034882.0,11271603.0,393028.0,47225119.0,607389.0,2419594.0,58319.0,18221884.0,2702405.0,1196287.0,11432001.0,23709115.0,1823667.0,217324.0,11751364.0,125394046.0,5145367.0,16046180.0,4513751.0,24347113.0,10219.0,3880500.0,2294959.0,145978408.0,3089641.0,26799289.0,79672869.0,19390.0,5974627.0,38248076.0,3818774.0,10362722.0,5428442.0,244929.0,615013.0,22131970.0,145976482.0,8231150.0,21202646.0,27971077.0,10036102.0,4138012.0,423949.0,4754069.0,5927001.0,27818.0,9186719.0,7503433.0,6447791.0,144760.0,476574.0,1992060.0,8895960.0,1013608.0,30600.0,81202.0,16766555.0,21578.0,8678049.0,5062571.0,63539190.0,6318510.0,4564087.0,901214.0,98482.0,1271627.0,9793915.0,9478.0,24388974.0,48662400.0,3325471.0,24964450.0,108549.0,189209.0,175394.0,45571272.0,10692197.0,11923906.0
2002-01-01,94992.0,22600774.0,17519418.0,3051010.0,70048.0,3478769.0,37681743.0,3033976.0,59077.0,78298.0,19651400.0,8081957.0,8171950.0,6704118.0,10332785.0,7295400.0,12293097.0,132478077.0,7837161.0,735140.0,3759389.0,9865548.0,262387.0,62912.0,179537523.0,273423.0,346777.0,616025.0,1704637.0,3802129.0,31360079.0,7284753.0,15684413.0,1280400000.0,16357605.0,40875363.0,569480.0,442955.0,4100922.0,11199664.0,45347.0,976968.0,82488495.0,746947.0,69840.0,5375931.0,8724974.0,31855110.0,13143465.0,2481059.0,41431558.0,1379350.0,70142090.0,5200598.0,815257.0,61805266.0,47235.0,1288310.0,3978515.0,20246376.0,32097.0,8586077.0,1254454.0,658388.0,10902022.0,103636.0,56609.0,12147518.0,157173.0,744789.0,6929267.0,4302174.0,8754148.0,10158608.0,217357790.0,78318.0,1093317187.0,3931947.0,24931922.0,287523.0,6570000.0,57059007.0,2692843.0,5317514.0,127445000.0,14858948.0,33751746.0,12637719.0,87308.0,2136991.0,4182205.0,3024727.0,5531097.0,33885.0,19062476.0,2029832.0,3443067.0,446175.0,2310173.0,29454765.0,32804.0,16765122.0,294185.0,101684764.0,52368.0,2020157.0,11616890.0,395969.0,47702163.0,609828.0,2443261.0,58412.0,18764147.0,2778097.0,1204621.0,11713663.0,24208391.0,1851519.0,221490.0,12189988.0,128596079.0,5219324.0,16148929.0,4538159.0,24725625.0,10102.0,3948500.0,2334860.0,149549695.0,3149195.0,27100964.0,81365260.0,19642.0,6098621.0,38230364.0,3823701.0,10419631.0,5531958.0,248976.0,640872.0,21730496.0,145306497.0,8427061.0,21805322.0,28704786.0,10283694.0,4175950.0,435434.0,4965770.0,5962139.0,28175.0,9501335.0,7496522.0,6688225.0,147450.0,482228.0,1994530.0,8924958.0,1019054.0,30777.0,83723.0,17084628.0,23230.0,9019226.0,5197040.0,64069093.0,6426861.0,4610018.0,922699.0,99023.0,1277210.0,9871261.0,9593.0,25167261.0,48202470.0,3326046.0,25271850.0,108509.0,193927.0,176410.0,46150913.0,10971704.0,11954293.0
2003-01-01,97016.0,23680871.0,18121477.0,3039616.0,73180.0,3711931.0,38087866.0,3017938.0,59495.0,79311.0,19895400.0,8121423.0,8234100.0,6909161.0,10376133.0,7520556.0,12654624.0,134791598.0,7775327.0,778708.0,3762179.0,9796749.0,269428.0,63325.0,181809244.0,274331.0,353295.0,627840.0,1734387.0,3881185.0,31644028.0,7339001.0,15849649.0,1288400000.0,16800869.0,41483872.0,583213.0,449925.0,4164053.0,11229185.0,46624.0,993562.0,82534176.0,759639.0,70102.0,5390574.0,8850317.0,32264159.0,13369678.0,2600972.0,42187645.0,1370720.0,72170581.0,5213014.0,816078.0,62244880.0,47439.0,1319946.0,3951736.0,20750308.0,32556.0,8753097.0,1283297.0,686670.0,10928070.0,104003.0,56765.0,12415334.0,157723.0,745142.0,7106323.0,4303399.0,8900108.0,10129552.0,220309473.0,78878.0,1111523146.0,3996521.0,25644503.0,289521.0,6689700.0,57313203.0,2709438.0,5434036.0,127718000.0,14909019.0,34678781.0,12856171.0,88840.0,2161626.0,4388378.0,3077055.0,5620545.0,34172.0,19224036.0,2018355.0,3415213.0,451630.0,2287955.0,29782884.0,33144.0,17279139.0,302681.0,103081020.0,53465.0,2026773.0,11982692.0,398582.0,48148907.0,612267.0,2468765.0,57954.0,19331097.0,2857150.0,1213370.0,12000183.0,24698821.0,1879113.0,225296.0,12647983.0,131900634.0,5292115.0,16225302.0,4564855.0,25080880.0,9990.0,4027200.0,2386164.0,153093371.0,3209056.0,27372217.0,83051970.0,19812.0,6223378.0,38204570.0,3826095.0,10458821.0,5632983.0,252707.0,681791.0,21574326.0,144648618.0,8557160.0,22456645.0,29460517.0,10541470.0,4114826.0,447016.0,5201074.0,5994075.0,28561.0,9815412.0,7480591.0,6935665.0,150405.0,487938.0,1995733.0,8958229.0,1022796.0,31472.0,82781.0,17415214.0,25008.0,9373913.0,5330629.0,64549867.0,6541550.0,4655752.0,947110.0,99591.0,1283564.0,9945282.0,9724.0,25980547.0,47812949.0,3323661.0,25567650.0,108505.0,198960.0,177481.0,46719203.0,11256740.0,11982219.0
2004-01-01,98744.0,24726689.0,18758138.0,3026939.0,76250.0,4068577.0,38491970.0,3000715.0,59684.0,80347.0,20127400.0,8171966.0,8306500.0,7131688.0,10421137.0,7750003.0,13030576.0,136986429.0,7716860.0,829846.0,3764194.0,9730146.0,276516.0,63740.0,184006479.0,275283.0,359434.0,638809.0,1765533.0,3959883.0,31940655.0,7389625.0,16014972.0,1296075000.0,17259322.0,42075953.0,597230.0,456619.0,4225156.0,11250369.0,47899.0,1010410.0,82516260.0,771599.0,70387.0,5404523.0,8974444.0,32692153.0,13596390.0,2719809.0,42921895.0,1362550.0,74239508.0,5228172.0,817864.0,62704901.0,47600.0,1353788.0,3927340.0,21272328.0,32930.0,8925729.0,1313492.0,716949.0,10955141.0,104346.0,56911.0,12682108.0,158094.0,745737.0,7282953.0,4304600.0,9047082.0,10107146.0,223285666.0,79515.0,1129623466.0,4070262.0,26313838.0,292074.0,6809000.0,57685327.0,2725017.0,5580241.0,127761000.0,15012984.0,35635267.0,13066475.0,90498.0,2200498.0,4569377.0,3135654.0,5710163.0,34444.0,19387153.0,2005953.0,3377075.0,458095.0,2263122.0,30115196.0,33499.0,17802992.0,311265.0,104514934.0,54476.0,2032544.0,12369078.0,401268.0,48564489.0,613353.0,2496394.0,57240.0,19910549.0,2939246.0,1221003.0,12301837.0,25190647.0,1907737.0,228750.0,13125914.0,135320420.0,5364930.0,16281779.0,4591910.0,25419337.0,9906.0,4087500.0,2445524.0,156664698.0,3269356.0,27624226.0,84710544.0,19861.0,6354247.0,38182222.0,3826878.0,10483861.0,5730556.0,255995.0,753332.0,21451748.0,144067316.0,8680516.0,23132686.0,30214189.0,10810086.0,4166664.0,458549.0,5433995.0,6023801.0,28942.0,10130251.0,7463157.0,7213354.0,153736.0,493680.0,1997012.0,8993531.0,1026287.0,32488.0,82475.0,17827827.0,26709.0,9734761.0,5467770.0,64995303.0,6662391.0,4703396.0,971889.0,100214.0,1290115.0,10022278.0,9871.0,26821300.0,47451626.0,3321486.0,25864350.0,108466.0,204123.0,178597.0,47291610.0,11550641.0,12019911.0
2005-01-01,100028.0,25654274.0,19433604.0,3011487.0,78871.0,4588222.0,38892924.0,2981262.0,59557.0,81462.0,20394800.0,8227829.0,8391850.0,7364857.0,10478617.0,7982223.0,13421935.0,139035505.0,7658972.0,889157.0,3765332.0,9663915.0,283798.0,64154.0,186127108.0,276320.0,365112.0,648744.0,1799077.0,4038380.0,32243753.0,7437115.0,16182713.0,1303720000.0,17733408.0,42647731.0,611625.0,463034.0,4285504.0,11261586.0,49261.0,1027657.0,82469422.0,783248.0,70580.0,5419432.0,9097262.0,33149720.0,13825839.0,2826653.0,43653155.0,1354775.0,76346310.0,5246096.0,821606.0,63179356.0,47731.0,1390550.0,3902469.0,21814648.0,33222.0,9109585.0,1344931.0,749527.0,10987314.0,104658.0,56935.0,12948292.0,158406.0,746156.0,7458982.0,4310145.0,9195289.0,10087065.0,226289468.0,80293.0,1147609924.0,4159914.0,26922279.0,296734.0,6930100.0,57969484.0,2740000.0,5765639.0,127773000.0,15147029.0,36624897.0,13273355.0,92319.0,2270196.0,4698761.0,3218114.0,5798615.0,34718.0,19544988.0,1996115.0,3322528.0,465158.0,2238799.0,30455563.0,33842.0,18336722.0,319604.0,106005199.0,55257.0,2036855.0,12775509.0,403834.0,48949931.0,614261.0,2526429.0,56547.0,20493927.0,3024198.0,1228254.0,12625950.0,25690615.0,1938316.0,232250.0,13624474.0,138865014.0,5438692.0,16319868.0,4623291.0,25744500.0,9848.0,4133900.0,2511254.0,160304007.0,3330222.0,27866140.0,86326251.0,19784.0,6494902.0,38165445.0,3821362.0,10503330.0,5824095.0,258780.0,865410.0,21319685.0,143518814.0,8840220.0,23816175.0,30949514.0,11090123.0,4265762.0,469918.0,5645629.0,6052124.0,29324.0,10446856.0,7440769.0,7535931.0,157472.0,499461.0,2000474.0,9029572.0,1030575.0,33011.0,82858.0,18361178.0,28181.0,10096630.0,5611643.0,65416189.0,6789318.0,4754652.0,995130.0,100908.0,1296497.0,10106778.0,9997.0,27684590.0,47105171.0,3321799.0,26167000.0,108453.0,209282.0,179722.0,47880595.0,11856244.0,12076697.0
2006-01-01,100830.0,26433058.0,20149905.0,2992547.0,80995.0,5300172.0,39289876.0,2958301.0,59109.0,82715.0,20697900.0,8268641.0,8484550.0,7607850.0,10547958.0,8216893.0,13829173.0,140921154.0,7601022.0,958423.0,3765422.0,9604924.0,291338.0,64523.0,188167353.0,277475.0,370262.0,657404.0,1835911.0,4118075.0,32571174.0,7483934.0,16354507.0,1311020000.0,18223677.0,43200901.0,626427.0,469171.0,4345421.0,11261241.0,50729.0,1045508.0,82376451.0,794554.0,70718.0,5437272.0,9218681.0,33641007.0,14059379.0,2918209.0,44397319.0,1346810.0,78489205.0,5266268.0,827869.0,63621376.0,47793.0,1430144.0,3880347.0,22379057.0,33420.0,9307421.0,1377582.0,784494.0,11020362.0,104938.0,56774.0,13213330.0,158649.0,746335.0,7634295.0,4311159.0,9344784.0,10071370.0,229318262.0,81283.0,1165486291.0,4273591.0,27448124.0,303782.0,7053700.0,58143979.0,2754414.0,5991547.0,127854000.0,15308085.0,37649039.0,13477705.0,94341.0,2373661.0,4759760.0,3329211.0,5886874.0,34975.0,19695977.0,1989933.0,3269909.0,472637.0,2218357.0,30804689.0,34189.0,18880265.0,327489.0,107560155.0,55765.0,2040228.0,13203378.0,405308.0,49301049.0,615025.0,2558854.0,55886.0,21080108.0,3111908.0,1233996.0,12973693.0,26201954.0,1971318.0,235750.0,14143969.0,142538305.0,5513757.0,16346101.0,4660677.0,26066687.0,9827.0,4184600.0,2580753.0,164022626.0,3391673.0,28102055.0,87888675.0,19545.0,6646891.0,38141267.0,3805214.0,10522288.0,5913212.0,261007.0,1022704.0,21193760.0,143049637.0,9043342.0,24498313.0,31661824.0,11382272.0,4401365.0,481086.0,5829240.0,6079395.0,29694.0,10763904.0,7411569.0,7907407.0,161676.0,505292.0,2006868.0,9080505.0,1036095.0,33441.0,84600.0,19059257.0,29394.0,10457122.0,5762881.0,65812540.0,6922590.0,4810114.0,1016437.0,101714.0,1302552.0,10201211.0,10118.0,28571475.0,46787786.0,3325403.0,26488250.0,108369.0,214379.0,180874.0,48489464.0,12173518.0,12155496.0
2007-01-01,101226.0,27100542.0,20905360.0,2970017.0,82682.0,6168846.0,39684303.0,2932615.0,58367.0,84029.0,20827600.0,8295487.0,8581300.0,7862226.0,10625700.0,8454790.0,14252029.0,142660381.0,7545338.0,1035924.0,3762791.0,9560953.0,299031.0,64888.0,190130445.0,278701.0,374967.0,664873.0,1875458.0,4198004.0,32889025.0,7551117.0,16530201.0,1317885000.0,18730283.0,43737512.0,641624.0,475067.0,4404626.0,11251117.0,52280.0,1063708.0,82266372.0,805456.0,70797.0,5461438.0,9338856.0,34166976.0,14296554.0,2996540.0,45226803.0,1340680.0,80674343.0,5288720.0,836185.0,64016227.0,47825.0,1472565.0,3860158.0,22963946.0,33524.0,9518159.0,1411545.0,821686.0,11048473.0,105183.0,56555.0,13477017.0,158848.0,746477.0,7808520.0,4310217.0,9495336.0,10055780.0,232374239.0,82406.0,1183209471.0,4398942.0,27911242.0,311566.0,7180100.0,58438310.0,2768229.0,6255290.0,128001000.0,15484192.0,38705934.0,13679953.0,96531.0,2504026.0,4767347.0,3461911.0,5974786.0,35217.0,19842044.0,1986926.0,3231294.0,479993.0,2200325.0,31163670.0,34524.0,19433520.0,335172.0,109170503.0,56046.0,2043559.0,13651455.0,406724.0,49621479.0,615875.0,2593819.0,55215.0,21673319.0,3202512.0,1239630.0,13341808.0,26720367.0,2006516.0,239250.0,14685404.0,146339971.0,5590066.0,16381696.0,4709153.0,26382586.0,9846.0,4223800.0,2657162.0,167808106.0,3453671.0,28333050.0,89405482.0,19159.0,6808503.0,38120560.0,3782995.0,10542964.0,5998430.0,262717.0,1218441.0,20882982.0,142805114.0,9273759.0,25184589.0,32360619.0,11687078.0,4588599.0,492133.0,5989641.0,6105810.0,30068.0,11080122.0,7381579.0,8315144.0,166297.0,511181.0,2018122.0,9148092.0,1042651.0,33811.0,85033.0,19878257.0,30383.0,10818031.0,5920360.0,66182064.0,7062667.0,4870142.0,1036388.0,102577.0,1308450.0,10304729.0,10219.0,29486335.0,46509355.0,3331753.0,26868000.0,108337.0,219464.0,182045.0,49119766.0,12502958.0,12255920.0
2008-01-01,101362.0,27722281.0,21695636.0,2947314.0,83860.0,7089486.0,40080159.0,2907615.0,57490.0,85394.0,21249200.0,8321496.0,8763400.0,8126104.0,10709973.0,8696915.0,14689725.0,144304164.0,7492561.0,1114645.0,3754261.0,9527985.0,306822.0,65273.0,192030362.0,279946.0,379418.0,671611.0,1915636.0,4273368.0,33247118.0,7647675.0,16708255.0,1324655000.0,19252674.0,44254972.0,657227.0,480846.0,4463123.0,11236975.0,53835.0,1081568.0,82110097.0,816361.0,70829.0,5493621.0,9458079.0,34730604.0,14535740.0,3062782.0,45954106.0,1337090.0,82916236.0,5313399.0,845356.0,64374979.0,47822.0,1518538.0,3848449.0,23563832.0,33570.0,9738796.0,1446936.0,860839.0,11077841.0,105457.0,56328.0,13739299.0,159037.0,746815.0,7980955.0,4309705.0,9646570.0,10038188.0,235469755.0,83515.0,1200669762.0,4489544.0,28385739.0,317414.0,7308800.0,58826731.0,2781869.0,6556473.0,128063000.0,15776938.0,39791984.0,13883835.0,98760.0,2656010.0,4764745.0,3607863.0,6058740.0,35469.0,19983984.0,1987130.0,3198231.0,488650.0,2177322.0,31536807.0,34860.0,19996476.0,343448.0,110815272.0,56166.0,2046898.0,14113578.0,409379.0,49929642.0,616969.0,2631899.0,54621.0,22276596.0,3296237.0,1244121.0,13727899.0,27236003.0,2043382.0,242750.0,15250913.0,150269622.0,5667436.0,16445593.0,4768212.0,26666581.0,9880.0,4259800.0,2750956.0,171648984.0,3516204.0,28562321.0,90901967.0,18708.0,6976200.0,38125759.0,3760866.0,10558177.0,6081296.0,264064.0,1436670.0,20537875.0,142742366.0,9524532.0,25888535.0,33060844.0,12004700.0,4839396.0,503366.0,6133599.0,6131767.0,30434.0,11397188.0,7350222.0,8736932.0,171122.0,517122.0,2021316.0,9219637.0,1049948.0,33964.0,86956.0,20664037.0,31200.0,11183589.0,6083417.0,66530980.0,7209924.0,4935765.0,1055428.0,103384.0,1314449.0,10414425.0,10315.0,30431734.0,46258189.0,3340221.0,27302800.0,108397.0,224700.0,183270.0,49779472.0,12848531.0,12379553.0
2009-01-01,101452.0,28394806.0,22514275.0,2927519.0,84461.0,7917368.0,40482786.0,2888094.0,56675.0,86743.0,21691700.0,8343323.0,8947243.0,8397661.0,10796493.0,8944713.0,15141098.0,145924795.0,7444443.0,1185075.0,3735945.0,9504583.0,314655.0,65636.0,193886505.0,281107.0,383902.0,678329.0,1953495.0,4337623.0,33628895.0,7743831.0,16886184.0,1331260000.0,19789922.0,44750054.0,673251.0,486667.0,4520739.0,11226711.0,55321.0,1098089.0,81902307.0,827820.0,70848.0,5523095.0,9576736.0,35333882.0,14774412.0,3119920.0,46362946.0,1334515.0,85233923.0,5338871.0,853636.0,64707035.0,47814.0,1568925.0,3814419.0,24170943.0,33562.0,9964470.0,1483920.0,901589.0,11107017.0,105787.0,56323.0,14000190.0,159232.0,747718.0,8150780.0,4305181.0,9798046.0,10022650.0,238620554.0,84379.0,1217726217.0,4535375.0,28973157.0,318499.0,7485600.0,59095365.0,2795839.0,6893258.0,128047000.0,16092822.0,40901798.0,14093605.0,100928.0,2821041.0,4813026.0,3754129.0,6133987.0,35723.0,20123508.0,1990135.0,3162916.0,497783.0,2141669.0,31929087.0,35223.0,20569115.0,353391.0,112463886.0,56255.0,2050671.0,14581427.0,412477.0,50250366.0,618294.0,2673794.0,54194.0,22894718.0,3393408.0,1247429.0,14128161.0,27735038.0,2081039.0,245950.0,15843131.0,154324939.0,5745538.0,16530388.0,4828726.0,26883531.0,9945.0,4302600.0,2876186.0,175525610.0,3579215.0,28792663.0,92414161.0,18290.0,7144774.0,38151603.0,3740410.0,10568247.0,6163970.0,265256.0,1654944.0,20367487.0,142785349.0,9782770.0,26630303.0,33783779.0,12335092.0,4987573.0,515182.0,6272735.0,6157678.0,30825.0,11717691.0,7320807.0,9142258.0,175877.0,523113.0,2039669.0,9298515.0,1057462.0,34238.0,87298.0,21205873.0,31933.0,11560142.0,6250840.0,66866834.0,7364752.0,5007953.0,1074286.0,103897.0,1320921.0,10525691.0,10413.0,31411096.0,46053331.0,3349676.0,27767400.0,108404.0,230244.0,184553.0,50477013.0,13215142.0,12526964.0
2010-01-01,101665.0,29185511.0,23356247.0,2913021.0,84454.0,8549998.0,40788453.0,2877314.0,56084.0,88030.0,22031750.0,8363404.0,9054332.0,8675606.0,10895586.0,9199254.0,15605211.0,147575433.0,7395599.0,1240864.0,3705478.0,9483836.0,322465.0,65124.0,195713637.0,282131.0,388634.0,685502.0,1987106.0,4386765.0,34004889.0,7824909.0,17062531.0,1337705000.0,20341236.0,45222699.0,689696.0,492644.0,4577371.0,11225833.0,56672.0,1112617.0,81776930.0,840194.0,70877.0,5547683.0,9695117.0,35977451.0,15011114.0,3170437.0,46576897.0,1331475.0,87639962.0,5363352.0,859816.0,65027505.0,47803.0,1624146.0,3786695.0,24779614.0,33585.0,10192168.0,1522603.0,943640.0,11121341.0,106227.0,56905.0,14259687.0,159439.0,749430.0,8317467.0,4295427.0,9949318.0,10000023.0,241834226.0,84856.0,1234281163.0,4560155.0,29741977.0,318041.0,7623600.0,59277417.0,2810464.0,7261541.0,128070000.0,16321872.0,42030684.0,14312205.0,102930.0,2991884.0,4953064.0,3891357.0,6197667.0,35996.0,20261738.0,1995575.0,3097282.0,506953.0,2097555.0,32343384.0,35609.0,21151640.0,365730.0,114092961.0,56361.0,2055004.0,15049352.0,414508.0,50600827.0,619428.0,2719902.0,53971.0,23531567.0,3494200.0,1250400.0,14539609.0,28208028.0,2118877.0,249750.0,16464025.0,158503203.0,5824058.0,16615394.0,4889252.0,27013207.0,10009.0,4350700.0,3041435.0,179424643.0,3642691.0,29027680.0,93966784.0,17954.0,7310512.0,38042794.0,3721525.0,10573100.0,6248017.0,266449.0,1856329.0,20246871.0,142849468.0,10039338.0,27421468.0,34545014.0,12678143.0,5076732.0,527861.0,6415636.0,6183877.0,31221.0,12043886.0,7291436.0,9508372.0,180372.0,529126.0,2048583.0,9378126.0,1064841.0,34056.0,89770.0,21362541.0,32658.0,11952134.0,6421674.0,67195032.0,7527397.0,5087211.0,1093517.0,103981.0,1328144.0,10635245.0,10521.0,32428164.0,45870741.0,3359273.0,28562400.0,108357.0,236216.0,185944.0,51216967.0,13605986.0,12697728.0
2011-01-01,102050.0,30117411.0,24220660.0,2905195.0,83748.0,8946778.0,41261490.0,2876536.0,55755.0,89250.0,22340024.0,8391643.0,9173082.0,8958406.0,11038264.0,9460829.0,16081915.0,149273134.0,7348328.0,1278153.0,3661173.0,9461643.0,330236.0,64564.0,197514541.0,282987.0,393687.0,693297.0,2015406.0,4418639.0,34339328.0,7912398.0,17233584.0,1345035000.0,20906392.0,45662747.0,706578.0,498858.0,4633086.0,11236671.0,57877.0,1124837.0,80274983.0,853671.0,70912.0,5570572.0,9813219.0,36661438.0,15243885.0,3213969.0,46742697.0,1327439.0,90139928.0,5388272.0,863451.0,65342789.0,47815.0,1684629.0,3756441.0,25387713.0,33608.0,10420459.0,1562996.0,986861.0,11104899.0,106786.0,56890.0,14521515.0,159690.0,752029.0,8480670.0,4280622.0,10100320.0,9971727.0,245115988.0,84889.0,1250287939.0,4580084.0,30725305.0,319014.0,7765800.0,59379449.0,2825932.0,7662858.0,127833000.0,16557202.0,43178270.0,14541421.0,104735.0,3168054.0,5202022.0,4017446.0,6247438.0,36299.0,20398496.0,2003793.0,3028115.0,518347.0,2059709.0,32781860.0,36025.0,21743970.0,380493.0,115695468.0,56524.0,2058539.0,15514593.0,416268.0,50990612.0,620079.0,2770357.0,54013.0,24187500.0,3598646.0,1252404.0,14962118.0,28650962.0,2156698.0,254350.0,17114770.0,162805080.0,5903035.0,16693074.0,4953088.0,27041220.0,10069.0,4384000.0,3251102.0,183340168.0,3706479.0,29264314.0,95570049.0,17748.0,7472196.0,38063255.0,3678732.0,10557560.0,6333981.0,267702.0,2035862.0,20147528.0,142960908.0,10293333.0,28267591.0,35349676.0,13033814.0,5183688.0,541522.0,6563238.0,6210567.0,31655.0,12376305.0,7234099.0,9830695.0,184521.0,535177.0,2052843.0,9449213.0,1072029.0,33435.0,87441.0,21081814.0,33371.0,12360986.0,6595939.0,67518379.0,7697507.0,5174076.0,1113154.0,103558.0,1336180.0,10741872.0,10626.0,33476772.0,45706086.0,3368926.0,29339400.0,108290.0,242658.0,187469.0,52003759.0,14023199.0,12894323.0
2012-01-01,102565.0,31161378.0,25107925.0,2900401.0,82427.0,9141598.0,41733271.0,2884239.0,55669.0,90407.0,22733465.0,8429991.0,9295784.0,9245992.0,11106932.0,9729254.0,16571252.0,151005733.0,7305888.0,1299942.0,3604972.0,9446836.0,338001.0,64798.0,199287292.0,283698.0,398997.0,701582.0,2039551.0,4436411.0,34714222.0,7996861.0,17400359.0,1354190000.0,21485267.0,46075721.0,723865.0,505241.0,4688003.0,11257112.0,58963.0,1135046.0,80425823.0,868136.0,70954.0,5591572.0,9930916.0,37383899.0,15474099.0,,46773055.0,1322696.0,92726982.0,5413971.0,865065.0,65659814.0,47843.0,1749677.0,3728874.0,25996454.0,33653.0,10652032.0,1604981.0,1031191.0,11045011.0,107452.0,56810.0,14781942.0,159990.0,755388.0,8640692.0,4267558.0,10250922.0,9920362.0,248451714.0,84534.0,1265780243.0,4599533.0,31890012.0,320716.0,7910500.0,59539717.0,2842128.0,8089963.0,127629000.0,16792090.0,44343469.0,14780454.0,106359.0,3348852.0,5537620.0,4135662.0,6285751.0,36615.0,20425000.0,2014988.0,2987773.0,530946.0,2034319.0,33241898.0,36459.0,22346641.0,397231.0,117274156.0,56712.0,2061044.0,15979492.0,420028.0,51413703.0,620601.0,2824698.0,54306.0,24862673.0,3706555.0,1255882.0,15396010.0,29068189.0,2194777.0,259000.0,17795209.0,167228803.0,5982530.0,16754962.0,5018573.0,26989160.0,10136.0,4408100.0,3498031.0,187280125.0,3770635.0,29506790.0,97212639.0,17635.0,7631003.0,38063164.0,3634488.0,10514844.0,6421510.0,268995.0,2196078.0,20058035.0,143201721.0,10549668.0,29154906.0,36193781.0,13401990.0,5312437.0,556066.0,6712586.0,6237922.0,32103.0,12715487.0,7199077.0,10113648.0,188394.0,541247.0,2057159.0,9519374.0,1079285.0,34640.0,88303.0,20438861.0,34067.0,12784748.0,6773807.0,67835969.0,7874838.0,5267906.0,1133002.0,102736.0,1344814.0,10846993.0,10744.0,34558700.0,45593342.0,3378975.0,29774500.0,108188.0,249505.0,189089.0,52832659.0,14465148.0,13115149.0
2013-01-01,103165.0,32269592.0,26015786.0,2895092.0,80770.0,9197908.0,42202935.0,2897593.0,55717.0,91510.0,23128129.0,8479823.0,9416801.0,9540302.0,11159407.0,10004594.0,17072791.0,152761413.0,7265115.0,1315029.0,3542598.0,9443211.0,345707.0,65001.0,201035904.0,284294.0,404414.0,710235.0,2062551.0,4447945.0,35082954.0,8089346.0,17571511.0,1363240000.0,22077300.0,46495492.0,741511.0,511740.0,4742111.0,11282722.0,59933.0,1143866.0,80645605.0,883296.0,71019.0,5614932.0,10048226.0,38140135.0,15707473.0,,46620045.0,1317997.0,95385793.0,5438972.0,865602.0,65998685.0,47901.0,1817070.0,3717668.0,26607641.0,33694.0,10892821.0,1648259.0,1076412.0,10965211.0,108172.0,56483.0,15043981.0,160415.0,759281.0,8798524.0,4255689.0,10400672.0,9893082.0,251805314.0,83985.0,1280842119.0,4623816.0,33157061.0,323764.0,8059500.0,60233948.0,2858710.0,8518992.0,127445000.0,17035551.0,45519986.0,15026330.0,107887.0,3526382.0,5913016.0,4248337.0,6320350.0,36940.0,20585000.0,2028528.0,2957689.0,543360.0,2012647.0,33715705.0,36899.0,22961259.0,415592.0,118827158.0,56933.0,2064032.0,16449854.0,425967.0,51852464.0,621207.0,2881783.0,54786.0,25560752.0,3817497.0,1258653.0,15839287.0,29468923.0,2233506.0,263650.0,18504287.0,171765819.0,6062462.0,16804432.0,5079623.0,26916795.0,10208.0,4442100.0,3764805.0,191260799.0,3835447.0,29773986.0,98871558.0,17603.0,7788388.0,38040196.0,3593077.0,10457295.0,6510273.0,270332.0,2336579.0,19983693.0,143506995.0,10811538.0,30052058.0,37072555.0,13782429.0,5399162.0,571329.0,6863975.0,6266076.0,32554.0,13063711.0,7164132.0,10355030.0,192076.0,547295.0,2059953.0,9600379.0,1086843.0,36607.0,89949.0,19578466.0,34733.0,13220433.0,6954721.0,68144519.0,8059782.0,5366376.0,1153288.0,101768.0,1353708.0,10952949.0,10849.0,35694519.0,45489648.0,3389436.0,30243200.0,108041.0,256637.0,190712.0,53687125.0,14926551.0,13350378.0
2014-01-01,103776.0,33370804.0,26941773.0,2889104.0,79213.0,9214182.0,42669500.0,2912403.0,55791.0,92562.0,23475686.0,8546356.0,9535079.0,9844301.0,11209057.0,10286839.0,17586029.0,154517385.0,7223938.0,1336073.0,3482106.0,9448515.0,353366.0,65138.0,202763744.0,284825.0,409778.0,719053.0,2088619.0,4464171.0,35437435.0,8188649.0,17758969.0,1371860000.0,22681853.0,46967706.0,759390.0,518276.0,4795390.0,11306909.0,60848.0,1152297.0,80982500.0,898707.0,71091.0,5643475.0,10165182.0,38923688.0,15951832.0,,46480882.0,1314545.0,98094264.0,5461512.0,866447.0,66312067.0,47965.0,1883801.0,3719414.0,27224480.0,33726.0,11150970.0,1692433.0,1122273.0,10892413.0,108900.0,56295.0,15306316.0,161007.0,763371.0,8955579.0,4238389.0,10549007.0,9866468.0,255128076.0,83488.0,1295600768.0,4657740.0,34411949.0,327386.0,8215700.0,60789140.0,2875137.0,8918822.0,127276000.0,17288285.0,46700063.0,15274506.0,109387.0,3690939.0,6261046.0,4359508.0,6362039.0,37219.0,20778000.0,2043448.0,2932367.0,556319.0,1993782.0,34192358.0,37320.0,23589897.0,435018.0,120355137.0,57183.0,2067471.0,16934213.0,434558.0,52280816.0,621810.0,2940111.0,55301.0,26286192.0,3930894.0,1260934.0,16289550.0,29866606.0,2273426.0,268050.0,19240182.0,176404931.0,6142734.0,16865008.0,5137232.0,26905982.0,10289.0,4516500.0,4027255.0,195305012.0,3901311.0,30090372.0,100513137.0,17625.0,7946733.0,38011735.0,3534874.0,10401062.0,6599524.0,271713.0,2459202.0,19908979.0,143819667.0,11083629.0,30916603.0,37977657.0,14174740.0,5469724.0,587079.0,7017153.0,6295124.0,32941.0,13423571.0,7130576.0,10554882.0,195727.0,553278.0,2061980.0,9696110.0,1095022.0,37685.0,91359.0,18710711.0,35371.0,13663562.0,7137997.0,68438748.0,8252828.0,5466324.0,1174333.0,101023.0,1362337.0,11063195.0,10973.0,36911530.0,45272155.0,3400439.0,30757700.0,107882.0,263888.0,192220.0,54544184.0,15399793.0,13586710.0
2015-01-01,104339.0,34413603.0,27884380.0,2880703.0,77993.0,9262896.0,43131966.0,2925559.0,55806.0,93571.0,23815995.0,8642699.0,9649341.0,10160034.0,11274196.0,10575962.0,18110616.0,156256287.0,7177991.0,1371853.0,3429362.0,9461076.0,360926.0,65237.0,204471759.0,285327.0,414914.0,727885.0,2120716.0,4493171.0,35702908.0,8282396.0,17969356.0,1379860000.0,23298376.0,47520667.0,777435.0,524740.0,4847805.0,11324777.0,61721.0,1160987.0,81686611.0,913998.0,71175.0,5683483.0,10281675.0,39728020.0,16212022.0,,46444832.0,1315407.0,100835453.0,5479531.0,868632.0,66548272.0,48055.0,1947690.0,3725276.0,27849203.0,33742.0,11432096.0,1737207.0,1168575.0,10820883.0,109603.0,56114.0,15567419.0,161851.0,767433.0,9112904.0,4203604.0,10695540.0,9843028.0,258383257.0,83232.0,1310152392.0,4701957.0,35572269.0,330815.0,8380100.0,60730582.0,2891024.0,9266573.0,127141000.0,17542806.0,47878339.0,15521435.0,110927.0,3835588.0,6532681.0,4472229.0,6418315.0,37465.0,20970000.0,2059011.0,2904910.0,569604.0,1977527.0,34663608.0,37723.0,24234080.0,454914.0,121858251.0,57444.0,2070226.0,17438772.0,445053.0,52680724.0,622159.0,2998433.0,55779.0,27042001.0,4046304.0,1262605.0,16745305.0,30270965.0,2314901.0,268700.0,20001663.0,181137454.0,6223234.0,16939923.0,5188607.0,27015033.0,10374.0,4609400.0,4267341.0,199426953.0,3968490.0,30470739.0,102113206.0,17665.0,8107772.0,37986412.0,3473232.0,10358076.0,6688746.0,273119.0,2565708.0,19815616.0,144096870.0,11369066.0,31717676.0,38902948.0,14578450.0,5535002.0,603133.0,7171909.0,6325121.0,33270.0,13797204.0,7095383.0,10715657.0,199439.0,559136.0,2063531.0,9799186.0,1104038.0,38825.0,93419.0,17997411.0,35979.0,14110971.0,7323162.0,68714519.0,8454019.0,5565283.0,1196294.0,100780.0,1370332.0,11179951.0,11099.0,38225447.0,45154036.0,3412013.0,31298900.0,107712.0,271128.0,193510.0,55386369.0,15879370.0,13814642.0
2016-01-01,104865.0,35383028.0,28842482.0,2876101.0,77295.0,9360975.0,43590368.0,2936147.0,55739.0,94520.0,24190907.0,8736668.0,9757812.0,10488002.0,11331422.0,10872072.0,18646350.0,157977151.0,7127822.0,1425793.0,3386263.0,9469379.0,368399.0,64554.0,206163056.0,285798.0,419791.0,736706.0,2159925.0,4537683.0,36109487.0,8373338.0,18209072.0,1387790000.0,23926549.0,48175048.0,795597.0,531140.0,4899336.0,11335108.0,62564.0,1170189.0,82348669.0,929117.0,71307.0,5728010.0,10397738.0,40551398.0,16491116.0,,46484062.0,1315790.0,103603461.0,5495303.0,872406.0,66724104.0,48173.0,2007882.0,3727505.0,28481947.0,33738.0,11738434.0,1782434.0,1215181.0,10775971.0,110263.0,56186.0,15827690.0,162948.0,771363.0,9270794.0,4174349.0,10839976.0,9814023.0,261556386.0,83296.0,1324517250.0,4755335.0,36610632.0,335439.0,8546000.0,60627498.0,2906242.0,9554286.0,127076000.0,17794055.0,49051531.0,15766290.0,112529.0,3956862.0,6714281.0,4586788.0,6492160.0,37655.0,21203000.0,2075041.0,2868231.0,582014.0,1959537.0,35126274.0,38070.0,24894370.0,475505.0,123333379.0,57723.0,2072490.0,17965448.0,455356.0,53045199.0,622303.0,3056358.0,56187.0,27829930.0,4163532.0,1263473.0,17205253.0,30684652.0,2358044.0,269350.0,20788789.0,185960244.0,6303970.0,17030314.0,5234519.0,27263430.0,10474.0,4714100.0,4479217.0,203631356.0,4037073.0,30926036.0,103663812.0,17718.0,8271766.0,37970087.0,3406672.0,10325452.0,6777878.0,274576.0,2654379.0,19702267.0,144342397.0,11668829.0,32443443.0,39847433.0,14993514.0,5607283.0,619438.0,7328846.0,6356137.0,33503.0,14185635.0,7058322.0,10832520.0,203221.0,564883.0,2065042.0,9923085.0,1113994.0,39969.0,94677.0,17465567.0,36558.0,14561658.0,7509952.0,68971313.0,8663575.0,5662371.0,1219289.0,101143.0,1377563.0,11303942.0,11232.0,39649173.0,45004673.0,3424139.0,31847900.0,107516.0,278326.0,194540.0,56207649.0,16363449.0,14030338.0
2017-01-01,105361.0,36296111.0,29816769.0,2873457.0,76997.0,9487206.0,44044811.0,2944789.0,55617.0,95425.0,24601860.0,8797566.0,9854033.0,10827010.0,11375158.0,11175192.0,19193236.0,159685421.0,7075947.0,1494077.0,3351534.0,9458989.0,375775.0,63873.0,207833825.0,286229.0,424481.0,745563.0,2205076.0,4596023.0,36545236.0,8451840.0,18470435.0,1396215000.0,24566070.0,48909844.0,813890.0,537499.0,4949955.0,11339255.0,63382.0,1179685.0,82657002.0,944100.0,71460.0,5764980.0,10513111.0,41389174.0,16785356.0,,46593236.0,1317384.0,106399926.0,5508214.0,877460.0,66918020.0,48326.0,2064812.0,3728004.0,29121464.0,33723.0,12067516.0,1828146.0,1262008.0,10754679.0,110874.0,56171.0,16087418.0,164281.0,775218.0,9429016.0,4124531.0,10982367.0,9787966.0,264650969.0,83610.0,1338676779.0,4807388.0,37552789.0,343400.0,8713300.0,60536709.0,2920848.0,9785840.0,126972000.0,18037776.0,50221146.0,16009413.0,114153.0,4056102.0,6819373.0,4702224.0,6580723.0,37805.0,21444000.0,2091532.0,2828403.0,596336.0,1942248.0,35581257.0,38392.0,25570511.0,496398.0,124777326.0,58053.0,2074502.0,18512429.0,467999.0,53382521.0,622373.0,3113788.0,56553.0,28649007.0,4282582.0,1264613.0,17670193.0,31104655.0,2402623.0,270000.0,21602388.0,190873247.0,6384843.0,17131296.0,5276968.0,27632682.0,10577.0,4813600.0,4665926.0,207906210.0,4106764.0,31444299.0,105172921.0,17809.0,8438038.0,37974826.0,3325286.0,10300300.0,6867058.0,276108.0,2724727.0,19588715.0,144496739.0,11980960.0,33101183.0,40813398.0,15419354.0,5612253.0,636030.0,7488427.0,6388124.0,33671.0,14589165.0,7020858.0,10910774.0,207086.0,570501.0,2066388.0,10057698.0,1124808.0,40574.0,95843.0,17095669.0,37116.0,15016761.0,7698476.0,69209817.0,8880270.0,5757667.0,1243260.0,102002.0,1384060.0,11433438.0,11365.0,41166588.0,44831135.0,3436645.0,32388600.0,107281.0,285499.0,195358.0,57009751.0,16853608.0,14236599.0
2018-01-01,105846.0,37171922.0,30809787.0,2866376.0,77008.0,9630966.0,44494502.0,2951741.0,55461.0,96282.0,24982688.0,8840521.0,9939771.0,11175379.0,11427054.0,11485035.0,19751466.0,161376713.0,7025037.0,1569440.0,3323929.0,9438785.0,383071.0,63918.0,209469320.0,286640.0,428960.0,754396.0,2254067.0,4666375.0,37065084.0,8514329.0,18729166.0,1402760000.0,25216261.0,49661056.0,832322.0,543764.0,4999443.0,11338146.0,64172.0,1189262.0,82905782.0,958923.0,71626.0,5793636.0,10627147.0,42228415.0,17084359.0,,46797754.0,1321977.0,109224410.0,5515525.0,883490.0,67101930.0,48497.0,2119275.0,3726549.0,29767108.0,33715.0,12414292.0,1874304.0,1308966.0,10732882.0,111449.0,56023.0,16346950.0,165770.0,779007.0,9587523.0,4087843.0,11123183.0,9775564.0,267670549.0,84073.0,1352642283.0,4867316.0,38433604.0,352721.0,8882800.0,60421760.0,2934853.0,9965322.0,126811000.0,18276452.0,51392570.0,16249795.0,115842.0,4137314.0,6859408.0,4818976.0,6678565.0,37918.0,21670000.0,2108327.0,2801543.0,607950.0,1927174.0,36029089.0,38682.0,26262313.0,515704.0,126190782.0,58412.0,2076217.0,19077755.0,484630.0,53708318.0,622227.0,3170214.0,56889.0,29496009.0,4403312.0,1265303.0,18143215.0,31528033.0,2448300.0,270650.0,22442831.0,195874685.0,6465502.0,17231624.0,5311916.0,28095712.0,10678.0,4900600.0,4829476.0,212228288.0,4176868.0,31989265.0,106651394.0,17911.0,8606324.0,37974750.0,3193354.0,10283822.0,6956069.0,277673.0,2781682.0,19473970.0,144477859.0,12301969.0,33702757.0,41801532.0,15854324.0,5638676.0,652856.0,7650149.0,6420740.0,33784.0,15008225.0,6982604.0,10975924.0,211032.0,575987.0,2073894.0,10175214.0,1136274.0,40895.0,96762.0,16945062.0,37667.0,15477727.0,7889095.0,69428454.0,9100847.0,5850902.0,1267975.0,103199.0,1389841.0,11565203.0,11505.0,42729032.0,44622518.0,3449290.0,32956100.0,107001.0,292675.0,196128.0,57792520.0,17351714.0,14438812.0
2019-01-01,106310.0,38041757.0,31825299.0,2854191.0,77146.0,9770526.0,44938712.0,2957728.0,55312.0,97115.0,25365745.0,8879920.0,10024283.0,11530577.0,11488980.0,11801151.0,20321383.0,163046173.0,6975761.0,1641164.0,3300998.0,9419758.0,390351.0,63911.0,211049519.0,287021.0,433296.0,763094.0,2303703.0,4745179.0,37601230.0,8575280.0,18952035.0,1407745000.0,25876387.0,50339443.0,850891.0,549936.0,5047561.0,11333484.0,64948.0,1198574.0,83092962.0,973557.0,71808.0,5814422.0,10738957.0,43053054.0,17373657.0,,47134837.0,1326855.0,112078727.0,5521606.0,889955.0,67248926.0,48677.0,2172578.0,3720161.0,30417858.0,33706.0,12771246.0,1920917.0,1355982.0,10721582.0,112002.0,56225.0,16604026.0,167295.0,782775.0,9746115.0,4065253.0,11263079.0,9771141.0,270625567.0,84589.0,1366417756.0,4934340.0,39309789.0,360563.0,9054000.0,59729081.0,2948277.0,10101697.0,126633000.0,18513673.0,52573967.0,16486542.0,117608.0,4207077.0,6855709.0,4937374.0,6777453.0,38020.0,21803000.0,2125267.0,2794137.0,620001.0,1913822.0,36471766.0,38967.0,26969306.0,530957.0,127575529.0,58791.0,2076694.0,19658023.0,504062.0,54045422.0,622028.0,3225166.0,57213.0,30366043.0,4525698.0,1265711.0,18628749.0,31949789.0,2494524.0,271300.0,23310719.0,200963603.0,6545503.0,17344874.0,5347896.0,28608715.0,10764.0,4979200.0,4974992.0,216565317.0,4246440.0,32510462.0,108116622.0,18001.0,8776119.0,37965475.0,3193694.0,10286263.0,7044639.0,279285.0,2832071.0,19371648.0,144406261.0,12626938.0,34268529.0,42813237.0,16296362.0,5703569.0,669821.0,7813207.0,6453550.0,33864.0,15442906.0,6945235.0,11062114.0,215048.0,581363.0,2088385.0,10278887.0,1148133.0,41608.0,97625.0,17070132.0,38194.0,15946882.0,8082359.0,69625581.0,9321023.0,5942094.0,1293120.0,104497.0,1394969.0,11694721.0,11655.0,44269587.0,44386203.0,3461731.0,33580350.0,106669.0,299882.0,197093.0,58558267.0,17861034.0,14645473.0
2020-01-01,106766.0,38928341.0,32866268.0,2837849.0,77265.0,9890400.0,45376763.0,2963234.0,55197.0,97928.0,25693267.0,8916864.0,10093121.0,11890781.0,11544241.0,12123198.0,20903278.0,164689383.0,6934015.0,1701583.0,3280815.0,9379952.0,397621.0,63893.0,212559409.0,287371.0,437483.0,771612.0,2351625.0,4829764.0,38037204.0,8636561.0,19116209.0,1411100000.0,26545864.0,50882884.0,869595.0,555988.0,5094114.0,11326616.0,65720.0,1207361.0,83160871.0,988002.0,71991.0,5831404.0,10847904.0,43851043.0,17643060.0,,47363419.0,1329479.0,114963583.0,5529543.0,896444.0,67379908.0,48865.0,2225728.0,3722716.0,31072945.0,33691.0,13132792.0,1967998.0,1402985.0,10700556.0,112519.0,56367.0,16858333.0,168783.0,786559.0,9904608.0,4047680.0,11402533.0,9750149.0,273523621.0,85032.0,1380004385.0,4985674.0,40222503.0,366463.0,9215100.0,59449527.0,2961161.0,10203140.0,126261000.0,18755666.0,53771300.0,16718971.0,119446.0,4270563.0,6825442.0,5057677.0,6871287.0,38137.0,21919000.0,2142252.0,2794885.0,630419.0,1900449.0,36910558.0,39244.0,27691019.0,540542.0,128932753.0,59194.0,2072531.0,20250834.0,515332.0,54409794.0,621306.0,3278292.0,57557.0,31255435.0,4649660.0,1265740.0,19129955.0,32365998.0,2540916.0,271960.0,24206636.0,206139587.0,6624554.0,17441500.0,5379475.0,29136808.0,10834.0,5090200.0,5106622.0,220892331.0,4314768.0,32971846.0,109581085.0,18092.0,8947027.0,37899070.0,3281538.0,10297081.0,7132530.0,280904.0,2881060.0,19257520.0,144073139.0,12952209.0,34813867.0,43849269.0,16743930.0,5685807.0,686878.0,7976985.0,6486201.0,33938.0,15893219.0,6899126.0,11193729.0,219161.0,586634.0,2102419.0,10353442.0,1160164.0,42310.0,98462.0,17500657.0,38718.0,16425859.0,8278737.0,69799978.0,9537642.0,6031187.0,1318442.0,105697.0,1399491.0,11818618.0,11792.0,45741000.0,44132049.0,3473727.0,34232050.0,106290.0,307150.0,198410.0,59308690.0,18383956.0,14862927.0
2021-01-01,107195.0,39835428.0,33933611.0,2811666.0,77354.0,9991083.0,45808747.0,2968128.0,55103.0,98728.0,25739256.0,8956279.0,10145212.0,12255429.0,11587882.0,12451031.0,21497097.0,166303494.0,6899125.0,1748295.0,3263459.0,9340314.0,404915.0,63867.0,213993441.0,287708.0,441532.0,779900.0,2397240.0,4919987.0,38246108.0,8697723.0,19212362.0,1412360000.0,27224262.0,51265841.0,888456.0,561901.0,5139053.0,11317498.0,66498.0,1215588.0,83129285.0,1002197.0,72172.0,5856733.0,10953714.0,44616626.0,17888474.0,,47326687.0,1329254.0,117876226.0,5541696.0,902899.0,67499343.0,49053.0,2278829.0,3708610.0,31732128.0,33691.0,13497237.0,2015490.0,1449891.0,10664568.0,113015.0,56653.0,17109746.0,170184.0,790329.0,10062994.0,3899000.0,11541683.0,9709886.0,276361788.0,85410.0,1393409033.0,5028230.0,41179351.0,372295.0,9364000.0,59066225.0,2973462.0,10269022.0,125681593.0,19002586.0,54985702.0,16946446.0,121388.0,4328553.0,6769151.0,5180208.0,6958538.0,38254.0,22156000.0,2159067.0,2795321.0,639070.0,1883162.0,37344787.0,39520.0,28427333.0,543620.0,130262220.0,59618.0,2065092.0,20855724.0,516869.0,54806014.0,620173.0,3329282.0,57910.0,32163045.0,4775110.0,1266060.0,19647681.0,32776195.0,2587344.0,272620.0,25130810.0,211400704.0,6702379.0,17533405.0,5408320.0,29674920.0,10873.0,5122600.0,5223376.0,225199929.0,4381583.0,33359416.0,111046910.0,18174.0,9119005.0,37781024.0,3263584.0,10299423.0,7219641.0,282534.0,2930524.0,19115146.0,143446060.0,13276517.0,35340680.0,44909351.0,17196308.0,5453566.0,703995.0,8141343.0,6518500.0,34010.0,16359500.0,6844078.0,11381377.0,223364.0,591798.0,2107007.0,10415811.0,1172369.0,42846.0,99202.0,18275704.0,39226.0,16914985.0,8478242.0,69950844.0,9749625.0,6117933.0,1343875.0,106759.0,1403374.0,11935764.0,11925.0,47123533.0,43814581.0,3485152.0,34915100.0,105870.0,314464.0,200144.0,60041996.0,18920657.0,15092171.0
